Cluster1,Cluster2,Cluster3,Cluster4,Cluster5,Cluster6
rs1097327,rs3737992,rs12024554,rs115866895,rs4648450,rs61743745
rs2186120,rs1167311,rs35722922,rs6687953,rs12031634,rs10921760
rs2166172,rs12140153,rs593010,rs935166,rs1778830,rs2141004
rs75641275,rs34361149,rs10803762,rs13002946,rs61826867,rs754481
rs12037698,rs12049202,rs6772763,rs72820274,rs170553,rs80330591
rs1446585,rs2181375,rs80082351,rs12619626,rs10185199,rs199750218
rs16846140,rs17024393,rs1471740,rs13427822,rs6545144,rs12479357
rs13062093,rs61813324,rs2606228,rs72967047,rs3806572,rs4485556
rs2051559,rs815163,rs13107325,rs9843653,rs2861685,rs2569993
rs6861649,rs2678204,rs13176429,rs1454687,rs7557796,rs9847186
rs2281819,rs17014332,rs1919243,rs34811474,rs72844755,rs13076052
rs12662900,rs563738408,rs286818,rs17085463,rs115584509,rs762705
rs9388681,rs6751993,rs3844598,rs1383723,rs35882248,rs550669262
rs17132130,rs4671328,rs7755574,rs35853157,rs34373881,rs10865612
rs215634,rs6545714,rs3843540,rs1503526,rs4377469,rs6780459
rs79682948,rs4482463,rs17716502,rs1477290,rs75557510,rs73169730
rs2192649,rs815715,rs1411432,rs9463511,rs2035936,rs10938397
rs13294945,rs6769617,rs2267958,rs9277992,rs66679256,rs35851183
rs7357754,rs1225004,rs2450447,rs236660,rs73213484,rs190301182
rs4749937,rs355777,rs11826177,rs2045293,rs6831020,rs1428120
rs1465900,rs6776471,rs7124681,rs10954772,rs11099020,rs245775
rs1799992,rs869400,rs317687,rs77883185,rs750090,rs1775255
rs55938344,rs4261944,rs3897102,rs35529153,rs6536575,rs2749929
rs7987928,rs1296328,rs9506311,rs11782074,rs7701777,rs6973656
rs7331420,rs6867471,rs35193668,rs2398861,rs9291822,rs12537134
rs9522279,rs2307111,rs3759584,rs7030732,rs10059453,rs1425717
rs55689274,rs28404639,rs862320,rs61845249,rs2118793,rs11012732
rs4777541,rs7442885,rs7774,rs4595495,rs4921301,rs12260817
rs7189149,rs55838622,rs8078135,rs61903695,rs4467770,rs112921972
rs11079849,rs13174863,rs11653258,rs1048932,rs7453694,rs61871615
rs113230003,rs146696797,rs56212061,rs2292238,rs9342196,rs10749233
rs150998792,rs9368828,rs11084554,rs116394958,rs9489620,rs845084
,rs34045288,rs2153740,rs2933223,rs13210756,rs67609008
,rs72892910,rs8134638,rs217672,rs3807652,rs2035806
,rs2482398,rs2837398,rs2333012,rs7810870,rs12575252
,rs2253310,,rs11855853,rs7461253,rs555754158
,rs765874,,rs62037365,rs2616192,rs2234458
,rs9688977,,rs34966008,rs12681792,rs704061
,rs6950388,,rs1788808,rs55781253,rs13353100
,rs4722398,,rs784257,rs13289199,rs7498044
,rs1470749,,rs11666480,rs2254331,rs2342892
,rs147678035,,,rs1327808,rs55931203
,rs39330,,,rs6597653,rs60764613
,rs1805123,,,rs2439823,rs2155869
,rs6601527,,,rs6591,rs1389067
,rs791405,,,rs75936055,rs2247593
,rs12679106,,,rs34292685,rs273505
,rs201519328,,,rs7940866,rs10404726
,rs9297524,,,rs329651,rs112693590
,rs17770336,,,rs12422552,
,rs2440589,,,rs4761401,
,rs3931548,,,rs1901241,
,rs3861879,,,rs11613680,
,rs2356376,,,rs9579775,
,rs17399739,,,rs7995015,
,rs6265,,,rs9527895,
,rs491711,,,rs9522183,
,rs7942037,,,rs145946602,
,rs10898330,,,rs8027969,
,rs12364470,,,rs117632017,
,rs55726687,,,rs113182412,
,rs1458156,,,rs756717,
,rs7138383,,,rs11656076,
,rs147730268,,,rs2332306,
,rs9507895,,,rs7237783,
,rs10507483,,,rs1942826,
,rs11148421,,,rs45486197,
,rs1949204,,,rs76040172,
,rs1441264,,,rs28489620,
,rs7990098,,,,
,rs8015400,,,,
,rs7141420,,,,
,rs1286138,,,,
,rs6575340,,,,
,rs12881629,,,,
,rs3803286,,,,
,rs7183417,,,,
,rs4776970,,,,
,rs2870111,,,,
,rs2046002,,,,
,rs56803094,,,,
,rs12926311,,,,
,rs879620,,,,
,rs7193783,,,,
,rs4402589,,,,
,rs11642015,,,,
,rs117342986,,,,
,rs11150461,,,,
,rs4790841,,,,
,rs56161855,,,,
,rs11150745,,,,
,rs9319615,,,,
,rs57636386,,,,
,rs111640872,,,,
,rs3810291,,,,
,rs6050446,,,,
,rs67844506,,,,
,rs6001870,,,,
