"","V1"
"rs115866895",0.340631040845044
"rs4648450",-0.273693565066807
"rs12024554",-0.644961763500919
"rs1097327",-0.653166800181884
"rs3737992",-0.494543284631045
"rs12031634",-0.202144436681559
"rs61743745",-0.44586121796897
"rs12144626",0.147767359071115
"rs1167311",0.417001329657771
"rs12140153",0.392351690265351
"rs2186120",-0.428743292941771
"rs34361149",1.51048540276443
"rs7553158",0.392161778842961
"rs12049202",0.373934598462259
"rs2166172",-0.530229367365511
"rs2181375",0.361197584656091
"rs75641275",-0.680993139730638
"rs17024393",0.621652468125923
"rs6687953",-0.0981679329233015
"rs61813324",0.398528127661701
"rs1778830",-0.704309082997641
"rs61826867",-0.168974680293755
"rs539515",4.13260104403379
"rs815163",0.128150372372016
"rs10921760",-0.236850749123242
"rs2678204",1.51372252928243
"rs17014332",-0.427444126165879
"rs170553",-0.696924118367904
"rs12037698",-0.430884112612343
"rs563738408",3.53023654156378
"rs6751993",4.29627016078402
"rs2141004",-0.391063140272215
"rs6752378",3.34295798207558
"rs935166",-0.381010783391643
"rs10185199",-0.0662153361062667
"rs35722922",0.0350117681960334
"rs6545144",-0.729774478272598
"rs3806572",-0.168638019135882
"rs4671328",0.865196602665708
"rs6545714",0.633625520073843
"rs2861685",0.139320616943472
"rs7557796",-0.217030902495682
"rs13002946",0.370684523438184
"rs72820274",-0.13116935873217
"rs754481",-0.583266448236472
"rs72844755",-0.623618309325553
"rs1446585",-0.639976588663194
"rs115584509",-0.687350856211996
"rs593010",-0.260615573934075
"rs80330591",-0.416442212173359
"rs10803762",-0.587504925890711
"rs12619626",-0.316971788528162
"rs199750218",-0.34835896724672
"rs12479357",-0.0603712436990984
"rs1064213",-0.137738567479371
"rs4482463",0.179115692271456
"rs16846140",-0.424617035673489
"rs13427822",0.215380141610471
"rs4485556",-0.635431663031918
"rs72967047",-0.283055334956872
"rs35882248",0.087772614270792
"rs2569993",-0.683824546391718
"rs6772763",-0.448830742028152
"rs34373881",-0.147428366189926
"rs9847186",-0.351091102027914
"rs13062093",-0.252436434265254
"rs4377469",-0.574431250926669
"rs13076052",-0.428618124049741
"rs9843653",2.66173707762703
"rs762705",-0.711322857119981
"rs815715",-0.239082208336318
"rs6769617",-0.632561410852623
"rs550669262",-0.3822797369867
"rs75557510",-0.0976629411864932
"rs10865612",0.818849583265285
"rs1454687",0.94629741236341
"rs6780459",-0.559501623425639
"rs80082351",-0.472133736789083
"rs1225004",0.690167329921629
"rs1471740",0.26936677959338
"rs2035936",0.122051626012099
"rs355777",-0.402060738096044
"rs6776471",-0.636778307663407
"rs73169730",0.275664069713069
"rs2606228",-0.589917664188796
"rs869400",1.23261046245905
"rs2051559",0.108002496923965
"rs66679256",0.0930081268925755
"rs34811474",1.95992804852397
"rs73213484",-0.559838284583512
"rs4261944",-0.480088435685989
"rs10938397",2.40548614246191
"rs6831020",-0.281384977673582
"rs17085463",-0.636609977084471
"rs1383723",-0.308369664327655
"rs35851183",-0.10414151039119
"rs1229984",-0.631365832125306
"rs13107325",1.70009469334559
"rs11099020",-0.462836709429379
"rs1296328",0.415853228786053
"rs35853157",-0.610544634361511
"rs750090",-0.377855664078763
"rs6536575",-0.500119774579392
"rs6867471",-0.699319591991226
"rs7701777",-0.330757631326164
"rs13176429",-0.233833747208463
"rs6861649",-0.572014196459894
"rs1503526",0.0169486022255764
"rs9291822",-0.727961687422517
"rs2307111",2.10175735169941
"rs28404639",-0.653922129702752
"rs7442885",0.653566219424742
"rs1477290",1.13052444058731
"rs1919243",-0.607147809601953
"rs55838622",-0.683228915112405
"rs10059453",-0.587444499529041
"rs286818",0.75838437607768
"rs1582931",-0.343883100314494
"rs13174863",0.127563373430085
"rs3844598",-0.663568766726401
"rs2118793",-0.706544858379409
"rs190301182",-0.480502787880293
"rs1428120",-0.182445442777338
"rs4921301",-0.40061482158467
"rs245775",0.265447698422251
"rs4467770",-0.743780445673825
"rs9463511",-0.509153515648966
"rs9295675",-0.415026508842819
"rs707894",-0.259847295907136
"rs35604230",0.0291072494271961
"rs9277992",0.312239283197812
"rs2281819",-0.675399385107529
"rs146696797",-0.616336932744391
"rs9368828",2.20845304173279
"rs34045288",1.20098157829382
"rs72892910",2.48175284322606
"rs1775255",-0.302668005487279
"rs7453694",-0.692418038254843
"rs2482398",-0.45332387363514
"rs9342196",-0.692301501700195
"rs12662900",-0.31850402841335
"rs6938973",0.323064234274015
"rs2253310",0.0584528803550662
"rs9489620",-0.312616774319275
"rs9388681",-0.734073382288506
"rs2749929",-0.504250348016364
"rs765874",-0.665977188855795
"rs7755574",-0.487615833882519
"rs9688977",-0.110300683112777
"rs13210756",-0.572907643378862
"rs6950388",-0.65564859717902
"rs17132130",0.180393278203894
"rs4722398",-0.657564976077677
"rs215634",-0.322159823294348
"rs79682948",-0.583305293754688
"rs799449",0.208655550790406
"rs1470749",-0.704675957336348
"rs236660",1.51644171555756
"rs147678035",0.679817157401401
"rs6973656",-0.738298911436673
"rs3807652",-0.714098153588082
"rs2192649",-0.655117708430067
"rs3843540",-0.0671519447121419
"rs39330",0.246309806447817
"rs12537134",-0.060936661797576
"rs2045293",-0.420559837104259
"rs7810870",-0.677220808294992
"rs1805123",-0.423257442535928
"rs6601527",0.900468333205868
"rs7461253",-0.344767914896081
"rs2616192",-0.570395633200892
"rs1425717",-0.691326047576104
"rs10954772",0.165096776364157
"rs12681792",-0.59663793884017
"rs791405",-0.325051656317098
"rs12679106",0.649142146516804
"rs201519328",0.626883664579015
"rs77883185",-0.584082204119009
"rs9297524",-0.740258452022238
"rs35529153",0.0255895719442992
"rs17716502",0.361957230345648
"rs11782074",-0.177032967239236
"rs13294945",0.883428099215101
"rs1411432",0.637320160473058
"rs17770336",0.994906104157743
"rs55781253",-0.635177009079168
"rs13289199",-0.636929373567581
"rs7357754",-0.0823362261659218
"rs2440589",-0.654474599295157
"rs2398861",0.263065173305001
"rs3931548",-0.0185173559056646
"rs7024334",-0.425903253943309
"rs2254331",-0.675136098817398
"rs1327808",-0.615603184066977
"rs7030732",-0.350905506774215
"rs3861879",-0.408133587443818
"rs2267958",-0.67650000812365
"rs6597653",-0.629708423348089
"rs4749937",-0.690497343187495
"rs2356376",-0.642786414480821
"rs11012732",0.885107088835772
"rs12260817",-0.651453281211688
"rs61845249",-0.515739989070929
"rs4595495",-0.519715180435037
"rs10822129",-0.436357014512114
"rs112921972",-0.387433242403361
"rs17399739",-0.643805030291819
"rs2450447",-0.552030335422088
"rs2439823",0.799336184614764
"rs61871615",-0.307830143241322
"rs10749233",-0.268354464396447
"rs845084",0.0706805862557358
"rs67609008",-0.611040993760938
"rs2035806",-0.129416994243757
"rs6591",-0.291631562145235
"rs12575252",-0.112873119652417
"rs11826177",0.0453705730536432
"rs6265",2.77620187130361
"rs491711",-0.34141425182343
"rs7942037",-0.174723816989728
"rs75936055",1.04096825642458
"rs555754158",-0.655993890674274
"rs7124681",1.71144621700206
"rs34292685",-0.558185191974985
"rs2234458",0.695683393508306
"rs1465900",-0.695201967060326
"rs10898330",-0.55159008621564
"rs61903695",-0.295857091293401
"rs1048932",-0.0576434250865945
"rs1799992",-0.361333370330876
"rs35483388",-0.667764082693732
"rs7940866",0.0874230046068477
"rs329651",-0.66285659889244
"rs12364470",-0.241978357527759
"rs55726687",0.570549030828382
"rs12422552",-0.404922357937959
"rs1458156",-0.560610878779141
"rs7132908",2.10404492110546
"rs2292238",0.331506660232966
"rs317687",-0.644495617282326
"rs4761401",-0.730637712010733
"rs704061",-0.188613247836306
"rs1901241",-0.601342562713001
"rs7138383",0.228997653829537
"rs55938344",-0.303177313392779
"rs11613680",-0.713843499635333
"rs147730268",0.575663690726826
"rs3897102",-0.290159748621716
"rs9579775",-0.224377021607203
"rs9507895",-0.102816446603154
"rs9506311",-0.37880522119071
"rs35193668",0.133092385522835
"rs10507483",-0.677164698102013
"rs13353100",-0.710589108442567
"rs7987928",-0.422385576460412
"rs7995015",-0.588687556111954
"rs11148421",0.541099811851936
"rs9527895",-0.629958761132148
"rs1949204",-0.624386587352492
"rs1441264",0.430545467009096
"rs116394958",-0.359874505313429
"rs7990098",0.0238415236245778
"rs7331420",-0.590625515854066
"rs9522183",-0.195091817041003
"rs9522279",0.0303157766605838
"rs8015400",0.67640306796708
"rs145946602",-0.406307848087664
"rs2933223",-0.051713009305613
"rs217672",-0.439002825919495
"rs2333012",-0.41612713185894
"rs7141420",0.758867786971035
"rs1286138",-0.0604446185668397
"rs6575340",0.53662394491971
"rs12881629",-0.496127318540521
"rs3803286",0.345961509178023
"rs3759584",-0.304675023928441
"rs8027969",-0.678537239745647
"rs7183417",-0.249138881385581
"rs55689274",-0.60609898061012
"rs117632017",-0.599430499983034
"rs113182412",-0.678412070853617
"rs4776970",1.19970399236138
"rs4777541",-0.276766677174565
"rs11855853",-0.0299206735864169
"rs2870111",-0.239444766506335
"rs7498044",-0.382590501132429
"rs2046002",-0.594527332350432
"rs56803094",-0.239392972482047
"rs12926311",-0.0909728797159536
"rs879620",1.32670293991567
"rs7193783",-0.502342601455087
"rs4613074",-0.193430092095095
"rs2342892",-0.47288475014126
"rs62037365",1.78620225872447
"rs4402589",1.92250686597585
"rs11642015",10.1382476452937
"rs117342986",-0.687135047777463
"rs7189149",-0.421302218119054
"rs862320",1.1365886575977
"rs756717",-0.319328416633268
"rs11150461",-0.549772979196868
"rs4790841",0.705891132461743
"rs11078883",-0.438579841387809
"rs7774",-0.400558711391691
"rs1075901",-0.743288402443089
"rs8078135",0.296852141815572
"rs11656076",-0.586810022731513
"rs34966008",0.427515516588245
"rs11653258",-0.736602657141239
"rs56161855",-0.142892072896032
"rs11079849",0.461772947486099
"rs2332306",-0.587681888807029
"rs55931203",-0.222957002107973
"rs11150745",0.554307288045388
"rs9319615",-0.61073022961521
"rs60764613",0.0575378525926438
"rs2155869",-0.444398036782833
"rs1788808",0.575914028510885
"rs1389067",-0.512472649372091
"rs7237783",-0.307687709674529
"rs2247593",-0.704317715335023
"rs784257",-0.64136639498159
"rs58084604",5.29779394376725
"rs57636386",1.44673559120322
"rs1942826",-0.740961987518817
"rs11666480",0.5203433566185
"rs45486197",-0.661609226140836
"rs73534156",0.320629915132476
"rs273505",0.198732678970555
"rs113230003",0.181480952713943
"rs10404726",0.488317384933723
"rs56212061",-0.20163944494475
"rs111640872",0.402434260326758
"rs11084554",-0.194647251665864
"rs34095326",-0.131350637817178
"rs112693590",-0.49257942787679
"rs3810291",1.98824211513477
"rs2153740",-0.705681624641275
"rs1884897",0.517844294946602
"rs6050446",-0.443008230464437
"rs6142059",-0.207405846315486
"rs67844506",0.721204898976243
"rs150998792",-0.582109715027373
"rs8134638",-0.45107083357861
"rs2837398",-0.731699489508638
"rs76040172",0.169473371416498
"rs6001870",-0.0304084006484626
"rs28489620",-0.537087759414986
